"filename","label"
"1.JPEG","0"
"2.JPEG","1"
"3.JPEG","2"
"4.JPEG","3"
"5.JPEG","4"
"6.JPEG","5"
"7.JPEG","6"
"8.JPEG","7"
"9.JPEG","8"
"10.JPEG","9"
"11.JPEG","10"
"12.JPEG","11"
"13.JPEG","12"
"14.JPEG","13"
"15.JPEG","14"
"16.JPEG","15"
"17.JPEG","16"
"18.JPEG","17"
"19.JPEG","18"
"20.JPEG","19"
"21.JPEG","20"
"22.JPEG","21"
"23.JPEG","22"
"24.JPEG","23"
"25.JPEG","24"
"26.JPEG","25"
"27.JPEG","26"
"28.JPEG","27"
"29.JPEG","28"
"30.JPEG","29"
"31.JPEG","30"
"32.JPEG","31"
"33.JPEG","32"
"34.JPEG","33"
"35.JPEG","34"
"36.JPEG","35"
"37.JPEG","36"
"38.JPEG","37"
"39.JPEG","38"
"40.JPEG","39"
"41.JPEG","40"
"42.JPEG","41"
"43.JPEG","42"
"44.JPEG","43"
"45.JPEG","44"
"46.JPEG","45"
"47.JPEG","46"
"48.JPEG","47"
"49.JPEG","48"
"50.JPEG","49"
"51.JPEG","50"
"52.JPEG","51"
"53.JPEG","52"
"54.JPEG","53"
"55.JPEG","54"
"56.JPEG","55"
"57.JPEG","56"
"58.JPEG","57"
"59.JPEG","58"
"60.JPEG","59"
"61.JPEG","60"
"62.JPEG","61"
"63.JPEG","62"
"64.JPEG","63"
"65.JPEG","64"
"66.JPEG","65"
"67.JPEG","66"
"68.JPEG","67"
"69.JPEG","68"
"70.JPEG","69"
"71.JPEG","70"
"72.JPEG","71"
"73.JPEG","72"
"74.JPEG","73"
"75.JPEG","74"
"76.JPEG","75"
"77.JPEG","76"
"78.JPEG","77"
"79.JPEG","78"
"80.JPEG","79"
"81.JPEG","80"
"82.JPEG","81"
"83.JPEG","82"
"84.JPEG","83"
"85.JPEG","84"
"86.JPEG","85"
"87.JPEG","86"
"88.JPEG","87"
"89.JPEG","88"
"90.JPEG","89"
"91.JPEG","90"
"92.JPEG","91"
"93.JPEG","92"
"94.JPEG","93"
"95.JPEG","94"
"96.JPEG","95"
"97.JPEG","96"
"98.JPEG","97"
"99.JPEG","98"
"100.JPEG","99"
"101.JPEG","100"
"102.JPEG","101"
"103.JPEG","102"
"104.JPEG","103"
"105.JPEG","104"
"106.JPEG","105"
"107.JPEG","106"
"108.JPEG","107"
"109.JPEG","108"
"110.JPEG","109"
"111.JPEG","110"
"112.JPEG","111"
"113.JPEG","112"
"114.JPEG","113"
"115.JPEG","114"
"116.JPEG","115"
"117.JPEG","116"
"118.JPEG","117"
"119.JPEG","118"
"120.JPEG","119"
"121.JPEG","120"
"122.JPEG","121"
"123.JPEG","122"
"124.JPEG","123"
"125.JPEG","124"
"126.JPEG","125"
"127.JPEG","126"
"128.JPEG","127"
"129.JPEG","128"
"130.JPEG","129"
"131.JPEG","130"
"132.JPEG","131"
"133.JPEG","132"
"134.JPEG","133"
"135.JPEG","134"
"136.JPEG","135"
"137.JPEG","136"
"138.JPEG","137"
"139.JPEG","138"
"140.JPEG","139"
"141.JPEG","140"
"142.JPEG","141"
"143.JPEG","142"
"144.JPEG","143"
"145.JPEG","144"
"146.JPEG","145"
"147.JPEG","146"
"148.JPEG","147"
"149.JPEG","148"
"150.JPEG","149"
"151.JPEG","150"
"152.JPEG","151"
"153.JPEG","152"
"154.JPEG","153"
"155.JPEG","154"
"156.JPEG","155"
"157.JPEG","156"
"158.JPEG","157"
"159.JPEG","158"
"160.JPEG","159"
"161.JPEG","160"
"162.JPEG","161"
"163.JPEG","162"
"164.JPEG","163"
"165.JPEG","164"
"166.JPEG","165"
"167.JPEG","166"
"168.JPEG","167"
"169.JPEG","168"
"170.JPEG","169"
"171.JPEG","170"
"172.JPEG","171"
"173.JPEG","172"
"174.JPEG","173"
"175.JPEG","174"
"176.JPEG","175"
"177.JPEG","176"
"178.JPEG","177"
"179.JPEG","178"
"180.JPEG","179"
"181.JPEG","180"
"182.JPEG","181"
"183.JPEG","182"
"184.JPEG","183"
"185.JPEG","184"
"186.JPEG","185"
"187.JPEG","186"
"188.JPEG","187"
"189.JPEG","188"
"190.JPEG","189"
"191.JPEG","190"
"192.JPEG","191"
"193.JPEG","192"
"194.JPEG","193"
"195.JPEG","194"
"196.JPEG","195"
"197.JPEG","196"
"198.JPEG","197"
"199.JPEG","198"
"200.JPEG","199"
"201.JPEG","200"
"202.JPEG","201"
"203.JPEG","202"
"204.JPEG","203"
"205.JPEG","204"
"206.JPEG","205"
"207.JPEG","206"
"208.JPEG","207"
"209.JPEG","208"
"210.JPEG","209"
"211.JPEG","210"
"212.JPEG","211"
"213.JPEG","212"
"214.JPEG","213"
"215.JPEG","214"
"216.JPEG","215"
"217.JPEG","216"
"218.JPEG","217"
"219.JPEG","218"
"220.JPEG","219"
"221.JPEG","220"
"222.JPEG","221"
"223.JPEG","222"
"224.JPEG","223"
"225.JPEG","224"
"226.JPEG","225"
"227.JPEG","226"
"228.JPEG","227"
"229.JPEG","228"
"230.JPEG","229"
"231.JPEG","230"
"232.JPEG","231"
"233.JPEG","232"
"234.JPEG","233"
"235.JPEG","234"
"236.JPEG","235"
"237.JPEG","236"
"238.JPEG","237"
"239.JPEG","238"
"240.JPEG","239"
"241.JPEG","240"
"242.JPEG","241"
"243.JPEG","242"
"244.JPEG","243"
"245.JPEG","244"
"246.JPEG","245"
"247.JPEG","246"
"248.JPEG","247"
"249.JPEG","248"
"250.JPEG","249"
"251.JPEG","250"
"252.JPEG","251"
"253.JPEG","252"
"254.JPEG","253"
"255.JPEG","254"
"256.JPEG","255"
"257.JPEG","256"
"258.JPEG","257"
"259.JPEG","258"
"260.JPEG","259"
"261.JPEG","260"
"262.JPEG","261"
"263.JPEG","262"
"264.JPEG","263"
"265.JPEG","264"
"266.JPEG","265"
"267.JPEG","266"
"268.JPEG","267"
"269.JPEG","268"
"270.JPEG","269"
"271.JPEG","270"
"272.JPEG","271"
"273.JPEG","272"
"274.JPEG","273"
"275.JPEG","274"
"276.JPEG","275"
"277.JPEG","276"
"278.JPEG","277"
"279.JPEG","278"
"280.JPEG","279"
"281.JPEG","280"
"282.JPEG","281"
"283.JPEG","282"
"284.JPEG","283"
"285.JPEG","284"
"286.JPEG","285"
"287.JPEG","286"
"288.JPEG","287"
"289.JPEG","288"
"290.JPEG","289"
"291.JPEG","290"
"292.JPEG","291"
"293.JPEG","292"
"294.JPEG","293"
"295.JPEG","294"
"296.JPEG","295"
"297.JPEG","296"
"298.JPEG","297"
"299.JPEG","298"
"300.JPEG","299"
"301.JPEG","300"
"302.JPEG","301"
"303.JPEG","302"
"304.JPEG","303"
"305.JPEG","304"
"306.JPEG","305"
"307.JPEG","306"
"308.JPEG","307"
"309.JPEG","308"
"310.JPEG","309"
"311.JPEG","310"
"312.JPEG","311"
"313.JPEG","312"
"314.JPEG","313"
"315.JPEG","314"
"316.JPEG","315"
"317.JPEG","316"
"318.JPEG","317"
"319.JPEG","318"
"320.JPEG","319"
"321.JPEG","320"
"322.JPEG","321"
"323.JPEG","322"
"324.JPEG","323"
"325.JPEG","324"
"326.JPEG","325"
"327.JPEG","326"
"328.JPEG","327"
"329.JPEG","328"
"330.JPEG","329"
"331.JPEG","330"
"332.JPEG","331"
"333.JPEG","332"
"334.JPEG","333"
"335.JPEG","334"
"336.JPEG","335"
"337.JPEG","336"
"338.JPEG","337"
"339.JPEG","338"
"340.JPEG","339"
"341.JPEG","340"
"342.JPEG","341"
"343.JPEG","342"
"344.JPEG","343"
"345.JPEG","344"
"346.JPEG","345"
"347.JPEG","346"
"348.JPEG","347"
"349.JPEG","348"
"350.JPEG","349"
"351.JPEG","350"
"352.JPEG","351"
"353.JPEG","352"
"354.JPEG","353"
"355.JPEG","354"
"356.JPEG","355"
"357.JPEG","356"
"358.JPEG","357"
"359.JPEG","358"
"360.JPEG","359"
"361.JPEG","360"
"362.JPEG","361"
"363.JPEG","362"
"364.JPEG","363"
"365.JPEG","364"
"366.JPEG","365"
"367.JPEG","366"
"368.JPEG","367"
"369.JPEG","368"
"370.JPEG","369"
"371.JPEG","370"
"372.JPEG","371"
"373.JPEG","372"
"374.JPEG","373"
"375.JPEG","374"
"376.JPEG","375"
"377.JPEG","376"
"378.JPEG","377"
"379.JPEG","378"
"380.JPEG","379"
"381.JPEG","380"
"382.JPEG","381"
"383.JPEG","382"
"384.JPEG","383"
"385.JPEG","384"
"386.JPEG","385"
"387.JPEG","386"
"388.JPEG","387"
"389.JPEG","388"
"390.JPEG","389"
"391.JPEG","390"
"392.JPEG","391"
"393.JPEG","392"
"394.JPEG","393"
"395.JPEG","394"
"396.JPEG","395"
"397.JPEG","396"
"398.JPEG","397"
"399.JPEG","398"
"400.JPEG","399"
"401.JPEG","400"
"402.JPEG","401"
"403.JPEG","402"
"404.JPEG","403"
"405.JPEG","404"
"406.JPEG","405"
"407.JPEG","406"
"408.JPEG","407"
"409.JPEG","408"
"410.JPEG","409"
"411.JPEG","410"
"412.JPEG","411"
"413.JPEG","412"
"414.JPEG","413"
"415.JPEG","414"
"416.JPEG","415"
"417.JPEG","416"
"418.JPEG","417"
"419.JPEG","418"
"420.JPEG","419"
"421.JPEG","420"
"422.JPEG","421"
"423.JPEG","422"
"424.JPEG","423"
"425.JPEG","424"
"426.JPEG","425"
"427.JPEG","426"
"428.JPEG","427"
"429.JPEG","428"
"430.JPEG","429"
"431.JPEG","430"
"432.JPEG","431"
"433.JPEG","432"
"434.JPEG","433"
"435.JPEG","434"
"436.JPEG","435"
"437.JPEG","436"
"438.JPEG","437"
"439.JPEG","438"
"440.JPEG","439"
"441.JPEG","440"
"442.JPEG","441"
"443.JPEG","442"
"444.JPEG","443"
"445.JPEG","444"
"446.JPEG","445"
"447.JPEG","446"
"448.JPEG","447"
"449.JPEG","448"
"450.JPEG","449"
"451.JPEG","450"
"452.JPEG","451"
"453.JPEG","452"
"454.JPEG","453"
"455.JPEG","454"
"456.JPEG","455"
"457.JPEG","456"
"458.JPEG","457"
"459.JPEG","458"
"460.JPEG","459"
"461.JPEG","460"
"462.JPEG","461"
"463.JPEG","462"
"464.JPEG","463"
"465.JPEG","464"
"466.JPEG","465"
"467.JPEG","466"
"468.JPEG","467"
"469.JPEG","468"
"470.JPEG","469"
"471.JPEG","470"
"472.JPEG","471"
"473.JPEG","472"
"474.JPEG","473"
"475.JPEG","474"
"476.JPEG","475"
"477.JPEG","476"
"478.JPEG","477"
"479.JPEG","478"
"480.JPEG","479"
"481.JPEG","480"
"482.JPEG","481"
"483.JPEG","482"
"484.JPEG","483"
"485.JPEG","484"
"486.JPEG","485"
"487.JPEG","486"
"488.JPEG","487"
"489.JPEG","488"
"490.JPEG","489"
"491.JPEG","490"
"492.JPEG","491"
"493.JPEG","492"
"494.JPEG","493"
"495.JPEG","494"
"496.JPEG","495"
"497.JPEG","496"
"498.JPEG","497"
"499.JPEG","498"
"500.JPEG","499"
"501.JPEG","500"
"502.JPEG","501"
"503.JPEG","502"
"504.JPEG","503"
"505.JPEG","504"
"506.JPEG","505"
"507.JPEG","506"
"508.JPEG","507"
"509.JPEG","508"
"510.JPEG","509"
"511.JPEG","510"
"512.JPEG","511"
"513.JPEG","512"
"514.JPEG","513"
"515.JPEG","514"
"516.JPEG","515"
"517.JPEG","516"
"518.JPEG","517"
"519.JPEG","518"
"520.JPEG","519"
"521.JPEG","520"
"522.JPEG","521"
"523.JPEG","522"
"524.JPEG","523"
"525.JPEG","524"
"526.JPEG","525"
"527.JPEG","526"
"528.JPEG","527"
"529.JPEG","528"
"530.JPEG","529"
"531.JPEG","530"
"532.JPEG","531"
"533.JPEG","532"
"534.JPEG","533"
"535.JPEG","534"
"536.JPEG","535"
"537.JPEG","536"
"538.JPEG","537"
"539.JPEG","538"
"540.JPEG","539"
"541.JPEG","540"
"542.JPEG","541"
"543.JPEG","542"
"544.JPEG","543"
"545.JPEG","544"
"546.JPEG","545"
"547.JPEG","546"
"548.JPEG","547"
"549.JPEG","548"
"550.JPEG","549"
"551.JPEG","550"
"552.JPEG","551"
"553.JPEG","552"
"554.JPEG","553"
"555.JPEG","554"
"556.JPEG","555"
"557.JPEG","556"
"558.JPEG","557"
"559.JPEG","558"
"560.JPEG","559"
"561.JPEG","560"
"562.JPEG","561"
"563.JPEG","562"
"564.JPEG","563"
"565.JPEG","564"
"566.JPEG","565"
"567.JPEG","566"
"568.JPEG","567"
"569.JPEG","568"
"570.JPEG","569"
"571.JPEG","570"
"572.JPEG","571"
"573.JPEG","572"
"574.JPEG","573"
"575.JPEG","574"
"576.JPEG","575"
"577.JPEG","576"
"578.JPEG","577"
"579.JPEG","578"
"580.JPEG","579"
"581.JPEG","580"
"582.JPEG","581"
"583.JPEG","582"
"584.JPEG","583"
"585.JPEG","584"
"586.JPEG","585"
"587.JPEG","586"
"588.JPEG","587"
"589.JPEG","588"
"590.JPEG","589"
"591.JPEG","590"
"592.JPEG","591"
"593.JPEG","592"
"594.JPEG","593"
"595.JPEG","594"
"596.JPEG","595"
"597.JPEG","596"
"598.JPEG","597"
"599.JPEG","598"
"600.JPEG","599"
"601.JPEG","600"
"602.JPEG","601"
"603.JPEG","602"
"604.JPEG","603"
"605.JPEG","604"
"606.JPEG","605"
"607.JPEG","606"
"608.JPEG","607"
"609.JPEG","608"
"610.JPEG","609"
"611.JPEG","610"
"612.JPEG","611"
"613.JPEG","612"
"614.JPEG","613"
"615.JPEG","614"
"616.JPEG","615"
"617.JPEG","616"
"618.JPEG","617"
"619.JPEG","618"
"620.JPEG","619"
"621.JPEG","620"
"622.JPEG","621"
"623.JPEG","622"
"624.JPEG","623"
"625.JPEG","624"
"626.JPEG","625"
"627.JPEG","626"
"628.JPEG","627"
"629.JPEG","628"
"630.JPEG","629"
"631.JPEG","630"
"632.JPEG","631"
"633.JPEG","632"
"634.JPEG","633"
"635.JPEG","634"
"636.JPEG","635"
"637.JPEG","636"
"638.JPEG","637"
"639.JPEG","638"
"640.JPEG","639"
"641.JPEG","640"
"642.JPEG","641"
"643.JPEG","642"
"644.JPEG","643"
"645.JPEG","644"
"646.JPEG","645"
"647.JPEG","646"
"648.JPEG","647"
"649.JPEG","648"
"650.JPEG","649"
"651.JPEG","650"
"652.JPEG","651"
"653.JPEG","652"
"654.JPEG","653"
"655.JPEG","654"
"656.JPEG","655"
"657.JPEG","656"
"658.JPEG","657"
"659.JPEG","658"
"660.JPEG","659"
"661.JPEG","660"
"662.JPEG","661"
"663.JPEG","662"
"664.JPEG","663"
"665.JPEG","664"
"666.JPEG","665"
"667.JPEG","666"
"668.JPEG","667"
"669.JPEG","668"
"670.JPEG","669"
"671.JPEG","670"
"672.JPEG","671"
"673.JPEG","672"
"674.JPEG","673"
"675.JPEG","674"
"676.JPEG","675"
"677.JPEG","676"
"678.JPEG","677"
"679.JPEG","678"
"680.JPEG","679"
"681.JPEG","680"
"682.JPEG","681"
"683.JPEG","682"
"684.JPEG","683"
"685.JPEG","684"
"686.JPEG","685"
"687.JPEG","686"
"688.JPEG","687"
"689.JPEG","688"
"690.JPEG","689"
"691.JPEG","690"
"692.JPEG","691"
"693.JPEG","692"
"694.JPEG","693"
"695.JPEG","694"
"696.JPEG","695"
"697.JPEG","696"
"698.JPEG","697"
"699.JPEG","698"
"700.JPEG","699"
"701.JPEG","700"
"702.JPEG","701"
"703.JPEG","702"
"704.JPEG","703"
"705.JPEG","704"
"706.JPEG","705"
"707.JPEG","706"
"708.JPEG","707"
"709.JPEG","708"
"710.JPEG","709"
"711.JPEG","710"
"712.JPEG","711"
"713.JPEG","712"
"714.JPEG","713"
"715.JPEG","714"
"716.JPEG","715"
"717.JPEG","716"
"718.JPEG","717"
"719.JPEG","718"
"720.JPEG","719"
"721.JPEG","720"
"722.JPEG","721"
"723.JPEG","722"
"724.JPEG","723"
"725.JPEG","724"
"726.JPEG","725"
"727.JPEG","726"
"728.JPEG","727"
"729.JPEG","728"
"730.JPEG","729"
"731.JPEG","730"
"732.JPEG","731"
"733.JPEG","732"
"734.JPEG","733"
"735.JPEG","734"
"736.JPEG","735"
"737.JPEG","736"
"738.JPEG","737"
"739.JPEG","738"
"740.JPEG","739"
"741.JPEG","740"
"742.JPEG","741"
"743.JPEG","742"
"744.JPEG","743"
"745.JPEG","744"
"746.JPEG","745"
"747.JPEG","746"
"748.JPEG","747"
"749.JPEG","748"
"750.JPEG","749"
"751.JPEG","750"
"752.JPEG","751"
"753.JPEG","752"
"754.JPEG","753"
"755.JPEG","754"
"756.JPEG","755"
"757.JPEG","756"
"758.JPEG","757"
"759.JPEG","758"
"760.JPEG","759"
"761.JPEG","760"
"762.JPEG","761"
"763.JPEG","762"
"764.JPEG","763"
"765.JPEG","764"
"766.JPEG","765"
"767.JPEG","766"
"768.JPEG","767"
"769.JPEG","768"
"770.JPEG","769"
"771.JPEG","770"
"772.JPEG","771"
"773.JPEG","772"
"774.JPEG","773"
"775.JPEG","774"
"776.JPEG","775"
"777.JPEG","776"
"778.JPEG","777"
"779.JPEG","778"
"780.JPEG","779"
"781.JPEG","780"
"782.JPEG","781"
"783.JPEG","782"
"784.JPEG","783"
"785.JPEG","784"
"786.JPEG","785"
"787.JPEG","786"
"788.JPEG","787"
"789.JPEG","788"
"790.JPEG","789"
"791.JPEG","790"
"792.JPEG","791"
"793.JPEG","792"
"794.JPEG","793"
"795.JPEG","794"
"796.JPEG","795"
"797.JPEG","796"
"798.JPEG","797"
"799.JPEG","798"
"800.JPEG","799"
"801.JPEG","800"
"802.JPEG","801"
"803.JPEG","802"
"804.JPEG","803"
"805.JPEG","804"
"806.JPEG","805"
"807.JPEG","806"
"808.JPEG","807"
"809.JPEG","808"
"810.JPEG","809"
"811.JPEG","810"
"812.JPEG","811"
"813.JPEG","812"
"814.JPEG","813"
"815.JPEG","814"
"816.JPEG","815"
"817.JPEG","816"
"818.JPEG","817"
"819.JPEG","818"
"820.JPEG","819"
"821.JPEG","820"
"822.JPEG","821"
"823.JPEG","822"
"824.JPEG","823"
"825.JPEG","824"
"826.JPEG","825"
"827.JPEG","826"
"828.JPEG","827"
"829.JPEG","828"
"830.JPEG","829"
"831.JPEG","830"
"832.JPEG","831"
"833.JPEG","832"
"834.JPEG","833"
"835.JPEG","834"
"836.JPEG","835"
"837.JPEG","836"
"838.JPEG","837"
"839.JPEG","838"
"840.JPEG","839"
"841.JPEG","840"
"842.JPEG","841"
"843.JPEG","842"
"844.JPEG","843"
"845.JPEG","844"
"846.JPEG","845"
"847.JPEG","846"
"848.JPEG","847"
"849.JPEG","848"
"850.JPEG","849"
"851.JPEG","850"
"852.JPEG","851"
"853.JPEG","852"
"854.JPEG","853"
"855.JPEG","854"
"856.JPEG","855"
"857.JPEG","856"
"858.JPEG","857"
"859.JPEG","858"
"860.JPEG","859"
"861.JPEG","860"
"862.JPEG","861"
"863.JPEG","862"
"864.JPEG","863"
"865.JPEG","864"
"866.JPEG","865"
"867.JPEG","866"
"868.JPEG","867"
"869.JPEG","868"
"870.JPEG","869"
"871.JPEG","870"
"872.JPEG","871"
"873.JPEG","872"
"874.JPEG","873"
"875.JPEG","874"
"876.JPEG","875"
"877.JPEG","876"
"878.JPEG","877"
"879.JPEG","878"
"880.JPEG","879"
"881.JPEG","880"
"882.JPEG","881"
"883.JPEG","882"
"884.JPEG","883"
"885.JPEG","884"
"886.JPEG","885"
"887.JPEG","886"
"888.JPEG","887"
"889.JPEG","888"
"890.JPEG","889"
"891.JPEG","890"
"892.JPEG","891"
"893.JPEG","892"
"894.JPEG","893"
"895.JPEG","894"
"896.JPEG","895"
"897.JPEG","896"
"898.JPEG","897"
"899.JPEG","898"
"900.JPEG","899"
"901.JPEG","900"
"902.JPEG","901"
"903.JPEG","902"
"904.JPEG","903"
"905.JPEG","904"
"906.JPEG","905"
"907.JPEG","906"
"908.JPEG","907"
"909.JPEG","908"
"910.JPEG","909"
"911.JPEG","910"
"912.JPEG","911"
"913.JPEG","912"
"914.JPEG","913"
"915.JPEG","914"
"916.JPEG","915"
"917.JPEG","916"
"918.JPEG","917"
"919.JPEG","918"
"920.JPEG","919"
"921.JPEG","920"
"922.JPEG","921"
"923.JPEG","922"
"924.JPEG","923"
"925.JPEG","924"
"926.JPEG","925"
"927.JPEG","926"
"928.JPEG","927"
"929.JPEG","928"
"930.JPEG","929"
"931.JPEG","930"
"932.JPEG","931"
"933.JPEG","932"
"934.JPEG","933"
"935.JPEG","934"
"936.JPEG","935"
"937.JPEG","936"
"938.JPEG","937"
"939.JPEG","938"
"940.JPEG","939"
"941.JPEG","940"
"942.JPEG","941"
"943.JPEG","942"
"944.JPEG","943"
"945.JPEG","944"
"946.JPEG","945"
"947.JPEG","946"
"948.JPEG","947"
"949.JPEG","948"
"950.JPEG","949"
"951.JPEG","950"
"952.JPEG","951"
"953.JPEG","952"
"954.JPEG","953"
"955.JPEG","954"
"956.JPEG","955"
"957.JPEG","956"
"958.JPEG","957"
"959.JPEG","958"
"960.JPEG","959"
"961.JPEG","960"
"962.JPEG","961"
"963.JPEG","962"
"964.JPEG","963"
"965.JPEG","964"
"966.JPEG","965"
"967.JPEG","966"
"968.JPEG","967"
"969.JPEG","968"
"970.JPEG","969"
"971.JPEG","970"
"972.JPEG","971"
"973.JPEG","972"
"974.JPEG","973"
"975.JPEG","974"
"976.JPEG","975"
"977.JPEG","976"
"978.JPEG","977"
"979.JPEG","978"
"980.JPEG","979"
"981.JPEG","980"
"982.JPEG","981"
"983.JPEG","982"
"984.JPEG","983"
"985.JPEG","984"
"986.JPEG","985"
"987.JPEG","986"
"988.JPEG","987"
"989.JPEG","988"
"990.JPEG","989"
"991.JPEG","990"
"992.JPEG","991"
"993.JPEG","992"
"994.JPEG","993"
"995.JPEG","994"
"996.JPEG","995"
"997.JPEG","996"
"998.JPEG","997"
"999.JPEG","998"
"1000.JPEG","999"
